{
    "BOONSRI": { "x": -107.404822716678481, "y": 37.397854238209874 },
    "KANNIKA": { "x": -107.398878518115993, "y": 37.381276670313071 },
    "CHAI": { "x": -107.401210375025343, "y": 37.388654095338389 },
    "KOHSOOM": { "x": -107.394993787064067, "y": 37.39377858000919 },
    "SOMCHAIR": { "x": -107.414694923113444, "y": 37.389363071483871 },
    "SAKDA": { "x": -107.404958911377989, "y": 37.37639911808791 },
    "BUSARAKHAN": { "x": -107.395132527458841, "y": 37.390628282055836 },
    "TANSANEE": { "x": -107.414836209203528, "y": 37.382233851751842 },
    "ACHARA": { "x": -107.410444884783701, "y": 37.393190524391244 },
    "DECHA": { "x": -107.423891247441986, "y": 37.385197041099474 },
    "DUMP": { "x": -107.395157984412066, "y": 37.39800952562419 }
}